<?xml version="1.0" encoding="UTF-8"?>

		<!-- Licensed Materials - Property of IBM
			 5725-G92 (C) Copyright IBM Corp. 2006, 2013. All Rights Reserved.
			 US Government Users Restricted Rights - Use, duplication or
             disclosure restricted by GSA ADP Schedule Contract with IBM Corp. -->

<!-- Attribute "id" must be identical to application folder name -->
<application id="mobilebanking" platformVersion="6.0.0"
	xmlns="http://www.worklight.com/application-descriptor" 
	xmlns:xsi="http://www.w3.org/2001/XMLSchema-instance">

	<displayName>mobilebanking</displayName>
	<description>mobilebanking</description>
	<author>
		<name>application's author</name>
		<email>application author's e-mail</email>
		<copyright>Copyright My Company</copyright>
		<homepage>http://mycompany.com</homepage>
	</author>
	<mainFile>mobilebanking.html</mainFile>
	<thumbnailImage>common/images/thumbnail.png</thumbnailImage> 
	<features>
	</features>
</application>
